DATE,CPIAUCSL,CPILFESL,INDPRO
1919-01-01,,,5.0124
1919-02-01,,,4.7908
1919-03-01,,,4.6524
1919-04-01,,,4.7355
1919-05-01,,,4.7632
1919-06-01,,,5.0678
1919-07-01,,,5.3724
1919-08-01,,,5.4555
1919-09-01,,,5.3447
1919-10-01,,,5.2893
1919-11-01,,,5.2062
1919-12-01,,,5.2893
1920-01-01,,,5.7878
1920-02-01,,,5.7878
1920-03-01,,,5.6770
1920-04-01,,,5.3724
1920-05-01,,,5.5109
1920-06-01,,,5.5663
1920-07-01,,,5.4278
1920-08-01,,,5.4555
1920-09-01,,,5.2616
1920-10-01,,,5.0401
1920-11-01,,,4.6247
1920-12-01,,,4.3478
1921-01-01,,,4.0985
1921-02-01,,,4.0155
1921-03-01,,,3.9047
1921-04-01,,,3.9047
1921-05-01,,,4.0155
1921-06-01,,,3.9878
1921-07-01,,,3.9601
1921-08-01,,,4.0985
1921-09-01,,,4.1262
1921-10-01,,,4.3755
1921-11-01,,,4.3201
1921-12-01,,,4.2924
1922-01-01,,,4.4585
1922-02-01,,,4.6524
1922-03-01,,,4.9016
1922-04-01,,,4.7355
1922-05-01,,,4.9847
1922-06-01,,,5.2339
1922-07-01,,,5.2339
1922-08-01,,,5.1232
1922-09-01,,,5.4001
1922-10-01,,,5.7047
1922-11-01,,,5.9539
1922-12-01,,,6.1201
1923-01-01,,,5.9816
1923-02-01,,,6.0647
1923-03-01,,,6.2586
1923-04-01,,,6.3970
1923-05-01,,,6.4801
1923-06-01,,,6.4247
1923-07-01,,,6.3693
1923-08-01,,,6.2586
1923-09-01,,,6.1201
1923-10-01,,,6.0924
1923-11-01,,,6.0924
1923-12-01,,,5.9539
1924-01-01,,,6.0924
1924-02-01,,,6.2032
1924-03-01,,,6.0924
1924-04-01,,,5.8986
1924-05-01,,,5.6493
1924-06-01,,,5.4001
1924-07-01,,,5.3170
1924-08-01,,,5.5109
1924-09-01,,,5.7047
1924-10-01,,,5.8432
1924-11-01,,,5.9540
1924-12-01,,,6.1201
1925-01-01,,,6.3140
1925-02-01,,,6.3140
1925-03-01,,,6.3140
1925-04-01,,,6.3693
1925-05-01,,,6.3416
1925-06-01,,,6.2863
1925-07-01,,,6.4524
1925-08-01,,,6.3416
1925-09-01,,,6.2586
1925-10-01,,,6.5078
1925-11-01,,,6.6463
1925-12-01,,,6.7293
1926-01-01,,,6.6186
1926-02-01,,,6.6186
1926-03-01,,,6.7017
1926-04-01,,,6.7017
1926-05-01,,,6.6463
1926-06-01,,,6.7293
1926-07-01,,,6.7570
1926-08-01,,,6.8401
1926-09-01,,,6.9509
1926-10-01,,,6.9509
1926-11-01,,,6.9232
1926-12-01,,,6.8955
1927-01-01,,,6.8678
1927-02-01,,,6.9232
1927-03-01,,,7.0063
1927-04-01,,,6.8401
1927-05-01,,,6.8955
1927-06-01,,,6.8678
1927-07-01,,,6.7847
1927-08-01,,,6.7847
1927-09-01,,,6.6740
1927-10-01,,,6.5355
1927-11-01,,,6.5355
1927-12-01,,,6.5632
1928-01-01,,,6.7017
1928-02-01,,,6.7570
1928-03-01,,,6.8124
1928-04-01,,,6.7847
1928-05-01,,,6.8678
1928-06-01,,,6.9232
1928-07-01,,,7.0063
1928-08-01,,,7.1447
1928-09-01,,,7.2001
1928-10-01,,,7.3386
1928-11-01,,,7.4770
1928-12-01,,,7.6155
1929-01-01,,,7.7263
1929-02-01,,,7.6986
1929-03-01,,,7.7263
1929-04-01,,,7.8648
1929-05-01,,,8.0032
1929-06-01,,,8.0586
1929-07-01,,,8.1694
1929-08-01,,,8.0863
1929-09-01,,,8.0309
1929-10-01,,,7.8924
1929-11-01,,,7.5047
1929-12-01,,,7.1724
1930-01-01,,,7.1724
1930-02-01,,,7.1447
1930-03-01,,,7.0340
1930-04-01,,,6.9786
1930-05-01,,,6.8678
1930-06-01,,,6.6740
1930-07-01,,,6.3693
1930-08-01,,,6.2309
1930-09-01,,,6.1201
1930-10-01,,,5.9539
1930-11-01,,,5.8155
1930-12-01,,,5.6770
1931-01-01,,,5.6493
1931-02-01,,,5.6770
1931-03-01,,,5.7878
1931-04-01,,,5.8155
1931-05-01,,,5.7324
1931-06-01,,,5.5939
1931-07-01,,,5.5109
1931-08-01,,,5.3170
1931-09-01,,,5.0678
1931-10-01,,,4.8739
1931-11-01,,,4.8185
1931-12-01,,,4.7908
1932-01-01,,,4.6524
1932-02-01,,,4.5416
1932-03-01,,,4.4862
1932-04-01,,,4.1816
1932-05-01,,,4.0431
1932-06-01,,,3.9047
1932-07-01,,,3.7939
1932-08-01,,,3.9047
1932-09-01,,,4.1539
1932-10-01,,,4.2924
1932-11-01,,,4.2924
1932-12-01,,,4.2093
1933-01-01,,,4.1262
1933-02-01,,,4.1539
1933-03-01,,,3.9047
1933-04-01,,,4.1816
1933-05-01,,,4.8739
1933-06-01,,,5.6216
1933-07-01,,,6.1478
1933-08-01,,,5.8986
1933-09-01,,,5.5663
1933-10-01,,,5.2893
1933-11-01,,,4.9847
1933-12-01,,,5.0124
1934-01-01,,,5.1785
1934-02-01,,,5.4278
1934-03-01,,,5.6770
1934-04-01,,,5.6770
1934-05-01,,,5.7878
1934-06-01,,,5.6770
1934-07-01,,,5.2893
1934-08-01,,,5.2339
1934-09-01,,,4.9293
1934-10-01,,,5.1509
1934-11-01,,,5.2062
1934-12-01,,,5.5386
1935-01-01,,,5.9816
1935-02-01,,,6.0924
1935-03-01,,,6.0647
1935-04-01,,,5.9539
1935-05-01,,,5.9539
1935-06-01,,,6.0370
1935-07-01,,,6.0370
1935-08-01,,,6.2586
1935-09-01,,,6.4247
1935-10-01,,,6.6186
1935-11-01,,,6.7570
1935-12-01,,,6.8401
1936-01-01,,,6.7293
1936-02-01,,,6.5632
1936-03-01,,,6.6463
1936-04-01,,,7.0617
1936-05-01,,,7.2001
1936-06-01,,,7.3386
1936-07-01,,,7.4770
1936-08-01,,,7.5878
1936-09-01,,,7.7263
1936-10-01,,,7.8371
1936-11-01,,,8.0586
1936-12-01,,,8.3078
1937-01-01,,,8.2801
1937-02-01,,,8.3909
1937-03-01,,,8.5848
1937-04-01,,,8.5848
1937-05-01,,,8.6125
1937-06-01,,,8.5017
1937-07-01,,,8.5571
1937-08-01,,,8.5017
1937-09-01,,,8.2248
1937-10-01,,,7.6155
1937-11-01,,,6.8678
1937-12-01,,,6.2586
1938-01-01,,,6.1201
1938-02-01,,,6.0647
1938-03-01,,,6.0647
1938-04-01,,,5.9539
1938-05-01,,,5.8155
1938-06-01,,,5.8709
1938-07-01,,,6.2032
1938-08-01,,,6.5355
1938-09-01,,,6.7293
1938-10-01,,,6.8955
1938-11-01,,,7.1724
1938-12-01,,,7.2555
1939-01-01,,,7.2555
1939-02-01,,,7.3109
1939-03-01,,,7.3386
1939-04-01,,,7.3109
1939-05-01,,,7.2832
1939-06-01,,,7.4494
1939-07-01,,,7.6709
1939-08-01,,,7.7817
1939-09-01,,,8.2525
1939-10-01,,,8.6678
1939-11-01,,,8.8894
1939-12-01,,,8.8894
1940-01-01,,,8.7786
1940-02-01,,,8.5017
1940-03-01,,,8.3078
1940-04-01,,,8.4740
1940-05-01,,,8.7232
1940-06-01,,,9.0002
1940-07-01,,,9.1109
1940-08-01,,,9.1663
1940-09-01,,,9.3602
1940-10-01,,,9.4986
1940-11-01,,,9.7202
1940-12-01,,,10.0525
1941-01-01,,,10.3017
1941-02-01,,,10.6063
1941-03-01,,,10.9386
1941-04-01,,,10.9663
1941-05-01,,,11.4648
1941-06-01,,,11.5479
1941-07-01,,,11.6864
1941-08-01,,,11.8248
1941-09-01,,,11.8248
1941-10-01,,,11.9356
1941-11-01,,,11.9910
1941-12-01,,,12.1848
1942-01-01,,,12.4341
1942-02-01,,,12.6556
1942-03-01,,,12.7941
1942-04-01,,,12.4341
1942-05-01,,,12.4617
1942-06-01,,,12.4895
1942-07-01,,,12.7941
1942-08-01,,,13.1818
1942-09-01,,,13.4864
1942-10-01,,,13.9295
1942-11-01,,,14.2618
1942-12-01,,,14.5941
1943-01-01,,,14.7326
1943-02-01,,,15.1203
1943-03-01,,,15.2310
1943-04-01,,,15.4249
1943-05-01,,,15.5356
1943-06-01,,,15.4526
1943-07-01,,,15.9233
1943-08-01,,,16.2557
1943-09-01,,,16.6711
1943-10-01,,,16.9203
1943-11-01,,,17.1418
1943-12-01,,,16.9203
1944-01-01,,,17.1141
1944-02-01,,,17.2526
1944-03-01,,,17.2249
1944-04-01,,,17.2249
1944-05-01,,,17.1142
1944-06-01,,,17.0588
1944-07-01,,,17.0311
1944-08-01,,,17.2526
1944-09-01,,,17.1418
1944-10-01,,,17.1972
1944-11-01,,,17.0588
1944-12-01,,,17.0034
1945-01-01,,,16.8372
1945-02-01,,,16.7818
1945-03-01,,,16.6710
1945-04-01,,,16.3664
1945-05-01,,,15.9234
1945-06-01,,,15.5633
1945-07-01,,,15.2034
1945-08-01,,,13.6249
1945-09-01,,,12.4064
1945-10-01,,,11.9079
1945-11-01,,,12.3510
1945-12-01,,,12.4064
1946-01-01,,,11.7140
1946-02-01,,,11.1325
1946-03-01,,,12.2956
1946-04-01,,,12.0741
1946-05-01,,,11.6310
1946-06-01,,,12.3510
1946-07-01,,,12.7664
1946-08-01,,,13.2371
1946-09-01,,,13.4864
1946-10-01,,,13.7356
1946-11-01,,,13.8187
1946-12-01,,,13.9018
1947-01-01,21.480,,14.0679
1947-02-01,21.620,,14.1510
1947-03-01,22.000,,14.2341
1947-04-01,22.000,,14.1233
1947-05-01,21.950,,14.1787
1947-06-01,22.080,,14.1787
1947-07-01,22.230,,14.0956
1947-08-01,22.400,,14.1787
1947-09-01,22.840,,14.2895
1947-10-01,22.910,,14.4279
1947-11-01,23.060,,14.6218
1947-12-01,23.410,,14.6772
1948-01-01,23.680,,14.7603
1948-02-01,23.670,,14.7880
1948-03-01,23.500,,14.6218
1948-04-01,23.820,,14.6495
1948-05-01,24.010,,14.8987
1948-06-01,24.150,,15.0926
1948-07-01,24.400,,15.0926
1948-08-01,24.430,,15.0372
1948-09-01,24.360,,14.9264
1948-10-01,24.310,,15.0372
1948-11-01,24.160,,14.8433
1948-12-01,24.050,,14.7049
1949-01-01,24.010,,14.5664
1949-02-01,23.910,,14.4280
1949-03-01,23.910,,14.1510
1949-04-01,23.920,,14.0679
1949-05-01,23.910,,13.8741
1949-06-01,23.920,,13.8464
1949-07-01,23.700,,13.8187
1949-08-01,23.700,,13.9572
1949-09-01,23.750,,14.0956
1949-10-01,23.670,,13.5695
1949-11-01,23.700,,13.9295
1949-12-01,23.610,,14.1787
1950-01-01,23.510,,14.4279
1950-02-01,23.610,,14.4833
1950-03-01,23.640,,14.9541
1950-04-01,23.650,,15.4526
1950-05-01,23.770,,15.8126
1950-06-01,23.880,,16.2834
1950-07-01,24.070,,16.8095
1950-08-01,24.200,,17.3357
1950-09-01,24.340,,17.2249
1950-10-01,24.500,,17.3357
1950-11-01,24.600,,17.3080
1950-12-01,24.980,,17.6126
1951-01-01,25.380,,17.6680
1951-02-01,25.830,,17.7788
1951-03-01,25.880,,17.8618
1951-04-01,25.920,,17.8895
1951-05-01,25.990,,17.8342
1951-06-01,25.930,,17.7511
1951-07-01,25.910,,17.4741
1951-08-01,25.860,,17.3080
1951-09-01,26.030,,17.4188
1951-10-01,26.160,,17.3911
1951-11-01,26.320,,17.5295
1951-12-01,26.470,,17.6403
1952-01-01,26.450,,17.8341
1952-02-01,26.410,,17.9449
1952-03-01,26.390,,18.0003
1952-04-01,26.460,,17.8341
1952-05-01,26.470,,17.6680
1952-06-01,26.530,,17.5018
1952-07-01,26.680,,17.2249
1952-08-01,26.690,,18.3326
1952-09-01,26.630,,18.9972
1952-10-01,26.690,,19.1911
1952-11-01,26.690,,19.5788
1952-12-01,26.710,,19.6896
1953-01-01,26.640,,19.7449
1953-02-01,26.590,,19.8557
1953-03-01,26.630,,20.0219
1953-04-01,26.690,,20.1050
1953-05-01,26.700,,20.2157
1953-06-01,26.770,,20.1326
1953-07-01,26.790,,20.3819
1953-08-01,26.850,,20.2711
1953-09-01,26.890,,19.8557
1953-10-01,26.950,,19.6896
1953-11-01,26.850,,19.2188
1953-12-01,26.870,,18.7480
1954-01-01,26.940,,18.6095
1954-02-01,26.990,,18.6649
1954-03-01,26.930,,18.5542
1954-04-01,26.860,,18.4434
1954-05-01,26.930,,18.5542
1954-06-01,26.940,,18.6096
1954-07-01,26.860,,18.6372
1954-08-01,26.850,,18.6095
1954-09-01,26.810,,18.6372
1954-10-01,26.720,,18.8588
1954-11-01,26.780,,19.1634
1954-12-01,26.770,,19.4126
1955-01-01,26.770,,19.8557
1955-02-01,26.820,,20.1050
1955-03-01,26.790,,20.5757
1955-04-01,26.790,,20.8250
1955-05-01,26.770,,21.1573
1955-06-01,26.710,,21.1850
1955-07-01,26.760,,21.3511
1955-08-01,26.720,,21.3234
1955-09-01,26.850,,21.4619
1955-10-01,26.820,,21.8219
1955-11-01,26.880,,21.8773
1955-12-01,26.870,,21.9604
1956-01-01,26.830,,22.0988
1956-02-01,26.860,,21.9050
1956-03-01,26.890,,21.9050
1956-04-01,26.930,,22.0712
1956-05-01,27.030,,21.8773
1956-06-01,27.150,,21.6835
1956-07-01,27.290,,21.0188
1956-08-01,27.310,,21.8773
1956-09-01,27.350,,22.3758
1956-10-01,27.510,,22.5696
1956-11-01,27.510,,22.3758
1956-12-01,27.630,,22.7081
1957-01-01,27.670,28.500,22.6250
1957-02-01,27.800,28.600,22.8466
1957-03-01,27.860,28.700,22.8189
1957-04-01,27.930,28.800,22.5142
1957-05-01,28.000,28.800,22.4312
1957-06-01,28.110,28.900,22.4866
1957-07-01,28.190,29.000,22.6250
1957-08-01,28.280,29.000,22.6250
1957-09-01,28.320,29.100,22.4312
1957-10-01,28.320,29.200,22.0988
1957-11-01,28.410,29.300,21.5727
1957-12-01,28.470,29.300,21.1573
1958-01-01,28.640,29.300,20.7696
1958-02-01,28.700,29.400,20.3265
1958-03-01,28.870,29.500,20.0773
1958-04-01,28.940,29.500,19.7450
1958-05-01,28.940,29.500,19.9388
1958-06-01,28.910,29.600,20.4650
1958-07-01,28.890,29.600,20.7696
1958-08-01,28.940,29.600,21.1850
1958-09-01,28.910,29.700,21.3788
1958-10-01,28.910,29.700,21.6281
1958-11-01,28.950,29.800,22.2650
1958-12-01,28.970,29.900,22.2927
1959-01-01,29.010,29.900,22.6250
1959-02-01,29.000,29.900,23.0681
1959-03-01,28.970,30.000,23.4004
1959-04-01,28.980,30.000,23.8989
1959-05-01,29.040,30.100,24.2589
1959-06-01,29.110,30.200,24.2866
1959-07-01,29.150,30.200,23.7050
1959-08-01,29.180,30.200,22.9019
1959-09-01,29.250,30.300,22.8743
1959-10-01,29.350,30.400,22.7081
1959-11-01,29.350,30.400,22.8466
1959-12-01,29.410,30.500,24.2589
1960-01-01,29.370,30.500,24.8958
1960-02-01,29.410,30.600,24.6743
1960-03-01,29.410,30.600,24.4528
1960-04-01,29.540,30.600,24.2589
1960-05-01,29.570,30.600,24.2312
1960-06-01,29.610,30.700,23.9266
1960-07-01,29.550,30.600,23.8435
1960-08-01,29.610,30.600,23.8158
1960-09-01,29.610,30.600,23.5666
1960-10-01,29.750,30.800,23.5389
1960-11-01,29.780,30.800,23.2066
1960-12-01,29.810,30.700,22.7635
1961-01-01,29.840,30.800,22.7912
1961-02-01,29.840,30.800,22.7635
1961-03-01,29.840,30.900,22.9020
1961-04-01,29.810,30.900,23.3727
1961-05-01,29.840,30.900,23.7327
1961-06-01,29.840,31.000,24.0650
1961-07-01,29.920,31.000,24.3420
1961-08-01,29.940,31.100,24.5635
1961-09-01,29.980,31.100,24.5358
1961-10-01,29.980,31.100,25.0066
1961-11-01,29.980,31.200,25.3943
1961-12-01,30.010,31.200,25.6158
1962-01-01,30.040,31.200,25.3943
1962-02-01,30.110,31.200,25.8097
1962-03-01,30.170,31.300,25.9482
1962-04-01,30.210,31.300,26.0035
1962-05-01,30.240,31.400,25.9758
1962-06-01,30.210,31.400,25.9205
1962-07-01,30.220,31.400,26.1697
1962-08-01,30.280,31.500,26.1974
1962-09-01,30.420,31.500,26.3635
1962-10-01,30.380,31.500,26.3912
1962-11-01,30.380,31.500,26.5020
1962-12-01,30.380,31.600,26.5020
1963-01-01,30.440,31.500,26.6958
1963-02-01,30.480,31.600,27.0005
1963-03-01,30.510,31.700,27.1666
1963-04-01,30.480,31.700,27.4159
1963-05-01,30.510,31.700,27.7482
1963-06-01,30.610,31.800,27.8313
1963-07-01,30.690,31.800,27.7205
1963-08-01,30.750,31.900,27.7759
1963-09-01,30.720,31.900,28.0528
1963-10-01,30.750,32.000,28.2466
1963-11-01,30.780,32.000,28.3851
1963-12-01,30.880,32.100,28.3297
1964-01-01,30.940,32.200,28.5790
1964-02-01,30.910,32.200,28.7728
1964-03-01,30.940,32.200,28.7728
1964-04-01,30.950,32.200,29.2436
1964-05-01,30.980,32.200,29.4098
1964-06-01,31.010,32.300,29.4928
1964-07-01,31.020,32.300,29.6867
1964-08-01,31.050,32.300,29.8805
1964-09-01,31.080,32.300,29.9913
1964-10-01,31.120,32.400,29.5759
1964-11-01,31.210,32.500,30.4898
1964-12-01,31.250,32.500,30.8498
1965-01-01,31.280,32.600,31.1821
1965-02-01,31.280,32.600,31.3760
1965-03-01,31.310,32.600,31.7913
1965-04-01,31.380,32.700,31.9298
1965-05-01,31.480,32.700,32.1790
1965-06-01,31.610,32.700,32.4283
1965-07-01,31.580,32.700,32.7329
1965-08-01,31.550,32.700,32.8713
1965-09-01,31.620,32.800,32.9544
1965-10-01,31.650,32.800,33.2868
1965-11-01,31.750,32.900,33.4252
1965-12-01,31.850,33.000,33.8406
1966-01-01,31.880,33.000,34.1729
1966-02-01,32.080,33.100,34.3945
1966-03-01,32.180,33.100,34.8652
1966-04-01,32.280,33.300,34.9206
1966-05-01,32.350,33.400,35.2529
1966-06-01,32.380,33.500,35.4191
1966-07-01,32.450,33.600,35.6129
1966-08-01,32.650,33.700,35.6406
1966-09-01,32.750,33.800,35.9729
1966-10-01,32.850,34.000,36.2221
1966-11-01,32.880,34.000,35.9729
1966-12-01,32.920,34.100,36.0560
1967-01-01,32.900,34.200,36.2261
1967-02-01,33.000,34.200,35.8152
1967-03-01,33.000,34.300,35.6133
1967-04-01,33.100,34.400,35.9492
1967-05-01,33.100,34.500,35.6356
1967-06-01,33.300,34.600,35.6311
1967-07-01,33.400,34.700,35.5500
1967-08-01,33.500,34.900,36.2311
1967-09-01,33.600,35.000,36.1723
1967-10-01,33.700,35.100,36.4669
1967-11-01,33.900,35.200,36.9884
1967-12-01,34.000,35.400,37.3868
1968-01-01,34.100,35.500,37.3465
1968-02-01,34.200,35.700,37.4804
1968-03-01,34.300,35.800,37.5974
1968-04-01,34.400,35.900,37.6518
1968-05-01,34.500,36.000,38.0741
1968-06-01,34.700,36.200,38.2140
1968-07-01,34.900,36.400,38.1554
1968-08-01,35.000,36.500,38.2619
1968-09-01,35.100,36.700,38.4068
1968-10-01,35.300,36.900,38.4830
1968-11-01,35.400,37.100,38.9808
1968-12-01,35.600,37.200,39.1039
1969-01-01,35.700,37.300,39.3405
1969-02-01,35.800,37.600,39.5922
1969-03-01,36.100,37.800,39.9027
1969-04-01,36.300,38.100,39.7559
1969-05-01,36.400,38.100,39.6056
1969-06-01,36.600,38.300,39.9925
1969-07-01,36.800,38.500,40.2037
1969-08-01,36.900,38.700,40.2961
1969-09-01,37.100,38.900,40.2870
1969-10-01,37.300,39.100,40.2988
1969-11-01,37.500,39.200,39.9189
1969-12-01,37.700,39.400,39.8118
1970-01-01,37.900,39.600,39.0746
1970-02-01,38.100,39.800,39.0488
1970-03-01,38.300,40.100,38.9981
1970-04-01,38.500,40.400,38.8979
1970-05-01,38.600,40.500,38.8525
1970-06-01,38.800,40.800,38.7269
1970-07-01,38.900,40.900,38.8219
1970-08-01,39.000,41.100,38.7527
1970-09-01,39.200,41.300,38.4856
1970-10-01,39.400,41.500,37.7157
1970-11-01,39.600,41.800,37.4873
1970-12-01,39.800,42.000,38.3482
1971-01-01,39.900,42.100,38.6432
1971-02-01,39.900,42.200,38.5695
1971-03-01,40.000,42.200,38.5278
1971-04-01,40.100,42.400,38.7441
1971-05-01,40.300,42.600,38.9407
1971-06-01,40.500,42.800,39.1040
1971-07-01,40.600,42.900,38.9905
1971-08-01,40.700,43.000,38.7642
1971-09-01,40.800,43.000,39.3942
1971-10-01,40.900,43.100,39.6891
1971-11-01,41.000,43.200,39.8576
1971-12-01,41.100,43.300,40.3177
1972-01-01,41.200,43.500,41.2876
1972-02-01,41.400,43.600,41.6865
1972-03-01,41.400,43.600,41.9746
1972-04-01,41.500,43.800,42.4183
1972-05-01,41.600,43.900,42.3963
1972-06-01,41.700,44.000,42.5166
1972-07-01,41.800,44.100,42.4980
1972-08-01,41.900,44.300,43.0629
1972-09-01,42.100,44.300,43.3918
1972-10-01,42.200,44.400,43.9718
1972-11-01,42.400,44.400,44.4919
1972-12-01,42.500,44.600,45.0015
1973-01-01,42.700,44.600,45.2942
1973-02-01,43.000,44.800,45.9656
1973-03-01,43.400,45.000,45.9872
1973-04-01,43.700,45.100,45.9237
1973-05-01,43.900,45.300,46.2192
1973-06-01,44.200,45.400,46.2509
1973-07-01,44.200,45.500,46.4421
1973-08-01,45.000,45.700,46.3648
1973-09-01,45.200,46.000,46.7803
1973-10-01,45.600,46.300,47.0954
1973-11-01,45.900,46.500,47.3445
1973-12-01,46.300,46.700,47.2315
1974-01-01,46.800,46.900,46.8994
1974-02-01,47.300,47.200,46.7538
1974-03-01,47.800,47.600,46.7685
1974-04-01,48.100,47.900,46.6069
1974-05-01,48.600,48.500,46.9743
1974-06-01,49.000,49.000,46.9233
1974-07-01,49.300,49.500,46.9464
1974-08-01,49.900,50.200,46.4907
1974-09-01,50.600,50.700,46.5136
1974-10-01,51.000,51.200,46.3401
1974-11-01,51.500,51.600,44.8209
1974-12-01,51.900,52.000,43.2340
1975-01-01,52.300,52.300,42.6409
1975-02-01,52.600,52.800,41.6602
1975-03-01,52.800,53.000,41.2135
1975-04-01,53.000,53.300,41.2460
1975-05-01,53.100,53.500,41.1515
1975-06-01,53.500,53.800,41.4224
1975-07-01,54.000,54.000,41.8234
1975-08-01,54.200,54.200,42.2573
1975-09-01,54.600,54.500,42.7796
1975-10-01,54.900,54.800,42.9687
1975-11-01,55.300,55.200,43.0614
1975-12-01,55.600,55.500,43.5973
1976-01-01,55.800,55.900,44.2288
1976-02-01,55.900,56.200,44.6725
1976-03-01,56.000,56.500,44.7125
1976-04-01,56.100,56.700,44.9643
1976-05-01,56.400,57.000,45.1741
1976-06-01,56.700,57.200,45.1830
1976-07-01,57.000,57.600,45.4535
1976-08-01,57.300,57.900,45.7737
1976-09-01,57.600,58.200,45.9031
1976-10-01,57.900,58.500,45.9207
1976-11-01,58.100,58.700,46.5978
1976-12-01,58.400,58.900,47.0854
1977-01-01,58.700,59.300,46.8276
1977-02-01,59.300,59.700,47.5417
1977-03-01,59.600,60.000,48.1310
1977-04-01,60.000,60.300,48.5838
1977-05-01,60.200,60.600,48.9891
1977-06-01,60.500,61.000,49.3428
1977-07-01,60.800,61.200,49.4120
1977-08-01,61.100,61.500,49.4259
1977-09-01,61.300,61.800,49.6639
1977-10-01,61.600,62.000,49.7592
1977-11-01,62.000,62.300,49.8117
1977-12-01,62.300,62.700,49.8949
1978-01-01,62.700,63.100,49.2066
1978-02-01,63.000,63.400,49.4502
1978-03-01,63.400,63.800,50.3928
1978-04-01,63.900,64.300,51.4368
1978-05-01,64.500,64.700,51.6276
1978-06-01,65.000,65.200,51.9833
1978-07-01,65.500,65.600,51.9592
1978-08-01,65.900,66.100,52.1543
1978-09-01,66.500,66.700,52.2860
1978-10-01,67.100,67.200,52.7054
1978-11-01,67.500,67.600,53.1047
1978-12-01,67.900,68.000,53.3886
1979-01-01,68.500,68.500,53.0453
1979-02-01,69.200,69.200,53.3303
1979-03-01,69.900,69.800,53.4973
1979-04-01,70.600,70.300,52.8938
1979-05-01,71.400,70.800,53.3187
1979-06-01,72.200,71.300,53.3157
1979-07-01,73.000,71.900,53.2433
1979-08-01,73.700,72.700,52.8899
1979-09-01,74.400,73.300,52.9486
1979-10-01,75.200,74.000,53.2390
1979-11-01,76.000,74.800,53.1918
1979-12-01,76.900,75.700,53.2603
1980-01-01,78.000,76.700,53.5037
1980-02-01,79.000,77.500,53.5053
1980-03-01,80.100,78.600,53.3294
1980-04-01,80.900,79.500,52.2336
1980-05-01,81.700,80.100,50.9638
1980-06-01,82.500,81.000,50.3348
1980-07-01,82.600,80.800,49.9462
1980-08-01,83.200,81.300,50.1256
1980-09-01,83.900,82.100,50.9386
1980-10-01,84.700,83.000,51.5813
1980-11-01,85.600,83.900,52.4717
1980-12-01,86.400,84.900,52.7685
1981-01-01,87.200,85.400,52.4668
1981-02-01,88.000,85.900,52.2260
1981-03-01,88.600,86.400,52.5025
1981-04-01,89.100,87.000,52.2691
1981-05-01,89.700,87.800,52.5803
1981-06-01,90.500,88.600,52.8284
1981-07-01,91.500,89.800,53.1751
1981-08-01,92.200,90.700,53.1679
1981-09-01,93.100,91.800,52.8514
1981-10-01,93.400,92.100,52.4949
1981-11-01,93.800,92.500,51.8940
1981-12-01,94.100,93.000,51.3274
1982-01-01,94.400,93.300,50.3043
1982-02-01,94.700,93.800,51.3016
1982-03-01,94.700,93.900,50.9104
1982-04-01,95.000,94.700,50.4627
1982-05-01,95.900,95.400,50.1380
1982-06-01,97.000,96.100,49.9692
1982-07-01,97.500,96.700,49.8138
1982-08-01,97.700,97.100,49.3773
1982-09-01,97.700,97.200,49.2260
1982-10-01,98.100,97.500,48.7874
1982-11-01,98.000,97.300,48.5920
1982-12-01,97.700,97.200,48.2424
1983-01-01,97.900,97.600,49.1762
1983-02-01,98.000,98.000,48.8688
1983-03-01,98.100,98.200,49.2654
1983-04-01,98.800,98.600,49.8675
1983-05-01,99.200,98.900,50.2084
1983-06-01,99.400,99.200,50.5089
1983-07-01,99.800,99.800,51.2733
1983-08-01,100.100,100.100,51.8454
1983-09-01,100.400,100.500,52.6303
1983-10-01,100.800,101.000,53.0679
1983-11-01,101.100,101.500,53.2534
1983-12-01,101.400,101.800,53.5343
1984-01-01,102.100,102.500,54.6008
1984-02-01,102.600,102.800,54.8350
1984-03-01,102.900,103.200,55.1052
1984-04-01,103.300,103.700,55.4514
1984-05-01,103.500,104.100,55.7141
1984-06-01,103.700,104.500,55.9085
1984-07-01,104.100,105.000,56.0842
1984-08-01,104.400,105.400,56.1376
1984-09-01,104.700,105.800,56.0382
1984-10-01,105.100,106.200,55.9459
1984-11-01,105.300,106.400,56.1667
1984-12-01,105.500,106.800,56.2296
1985-01-01,105.700,107.100,56.1398
1985-02-01,106.300,107.700,56.3323
1985-03-01,106.800,108.100,56.4232
1985-04-01,107.000,108.400,56.2693
1985-05-01,107.200,108.800,56.3488
1985-06-01,107.500,109.100,56.3901
1985-07-01,107.700,109.400,56.0234
1985-08-01,107.900,109.800,56.2555
1985-09-01,108.100,110.000,56.4983
1985-10-01,108.500,110.500,56.2648
1985-11-01,109.000,111.100,56.4549
1985-12-01,109.500,111.400,57.0458
1986-01-01,109.900,111.900,57.3104
1986-02-01,109.700,112.200,56.9344
1986-03-01,109.100,112.500,56.5420
1986-04-01,108.700,112.900,56.5599
1986-05-01,109.000,113.100,56.6823
1986-06-01,109.400,113.400,56.4976
1986-07-01,109.500,113.800,56.8140
1986-08-01,109.600,114.200,56.7381
1986-09-01,110.000,114.600,56.8532
1986-10-01,110.200,115.000,57.1191
1986-11-01,110.400,115.300,57.3792
1986-12-01,110.800,115.600,57.8623
1987-01-01,111.400,115.900,57.6850
1987-02-01,111.800,116.200,58.4399
1987-03-01,112.200,116.600,58.5160
1987-04-01,112.700,117.300,58.8851
1987-05-01,113.000,117.700,59.2653
1987-06-01,113.500,117.900,59.5409
1987-07-01,113.800,118.300,59.9536
1987-08-01,114.300,118.700,60.4517
1987-09-01,114.700,119.200,60.6069
1987-10-01,115.000,119.800,61.4910
1987-11-01,115.400,120.100,61.8137
1987-12-01,115.600,120.400,62.1190
1988-01-01,116.000,120.900,62.1469
1988-02-01,116.200,121.200,62.4169
1988-03-01,116.500,121.700,62.5418
1988-04-01,117.200,122.300,62.8959
1988-05-01,117.500,122.700,62.8223
1988-06-01,118.000,123.200,62.9823
1988-07-01,118.500,123.600,63.0093
1988-08-01,119.000,124.000,63.2723
1988-09-01,119.500,124.700,63.0990
1988-10-01,119.900,125.200,63.4122
1988-11-01,120.300,125.600,63.5128
1988-12-01,120.700,126.000,63.8233
1989-01-01,121.200,126.500,64.0153
1989-02-01,121.600,126.900,63.7242
1989-03-01,122.200,127.400,63.8691
1989-04-01,123.100,127.800,63.9124
1989-05-01,123.700,128.300,63.4884
1989-06-01,124.100,128.800,63.5187
1989-07-01,124.500,129.200,62.9354
1989-08-01,124.500,129.500,63.5168
1989-09-01,124.800,129.900,63.2954
1989-10-01,125.400,130.600,63.2542
1989-11-01,125.900,131.100,63.4616
1989-12-01,126.300,131.600,63.8467
1990-01-01,127.500,132.100,63.4228
1990-02-01,128.000,132.700,64.0446
1990-03-01,128.600,133.500,64.3580
1990-04-01,128.900,134.000,64.2602
1990-05-01,129.100,134.400,64.3973
1990-06-01,129.900,135.100,64.6041
1990-07-01,130.500,135.800,64.5205
1990-08-01,131.600,136.600,64.7326
1990-09-01,132.500,137.100,64.8145
1990-10-01,133.400,137.600,64.3274
1990-11-01,133.700,138.000,63.5753
1990-12-01,134.200,138.600,63.1594
1991-01-01,134.700,139.500,62.8852
1991-02-01,134.800,140.200,62.4462
1991-03-01,134.800,140.500,62.1190
1991-04-01,135.100,140.900,62.2415
1991-05-01,135.600,141.300,62.8646
1991-06-01,136.000,141.800,63.4372
1991-07-01,136.200,142.300,63.5128
1991-08-01,136.600,142.900,63.5671
1991-09-01,137.000,143.400,64.1330
1991-10-01,137.200,143.700,64.0213
1991-11-01,137.800,144.200,63.9480
1991-12-01,138.200,144.700,63.6937
1992-01-01,138.300,145.100,63.3374
1992-02-01,138.600,145.400,63.7911
1992-03-01,139.100,145.900,64.3212
1992-04-01,139.400,146.300,64.8088
1992-05-01,139.700,146.800,65.0202
1992-06-01,140.100,147.100,65.0295
1992-07-01,140.500,147.600,65.6172
1992-08-01,140.800,147.900,65.2943
1992-09-01,141.100,148.100,65.4460
1992-10-01,141.700,148.800,65.9369
1992-11-01,142.100,149.200,66.2174
1992-12-01,142.300,149.600,66.2772
1993-01-01,142.800,150.100,66.5643
1993-02-01,143.100,150.600,66.8594
1993-03-01,143.300,150.800,66.7658
1993-04-01,143.800,151.400,67.0000
1993-05-01,144.200,151.800,66.7674
1993-06-01,144.300,152.100,66.8781
1993-07-01,144.500,152.300,67.0845
1993-08-01,144.800,152.800,67.0140
1993-09-01,145.000,152.900,67.3345
1993-10-01,145.600,153.400,67.8515
1993-11-01,146.000,153.900,68.1326
1993-12-01,146.300,154.300,68.5054
1994-01-01,146.300,154.500,68.7648
1994-02-01,146.700,154.800,68.7836
1994-03-01,147.100,155.300,69.4766
1994-04-01,147.200,155.500,69.8703
1994-05-01,147.500,155.900,70.2281
1994-06-01,147.900,156.400,70.6763
1994-07-01,148.400,156.700,70.7846
1994-08-01,149.000,157.100,71.2053
1994-09-01,149.300,157.500,71.4767
1994-10-01,149.400,157.800,72.0820
1994-11-01,149.800,158.200,72.5263
1994-12-01,150.100,158.300,73.2879
1995-01-01,150.500,159.000,73.4219
1995-02-01,150.900,159.400,73.3025
1995-03-01,151.200,159.900,73.4081
1995-04-01,151.800,160.400,73.3612
1995-05-01,152.100,160.700,73.6104
1995-06-01,152.400,161.100,73.8602
1995-07-01,152.600,161.400,73.5664
1995-08-01,152.900,161.800,74.4950
1995-09-01,153.100,162.200,74.7937
1995-10-01,153.500,162.700,74.7017
1995-11-01,153.700,163.000,74.8897
1995-12-01,153.900,163.100,75.1755
1996-01-01,154.700,163.700,74.6841
1996-02-01,155.000,164.000,75.8344
1996-03-01,155.500,164.400,75.7631
1996-04-01,156.100,164.600,76.4562
1996-05-01,156.400,165.000,77.0161
1996-06-01,156.700,165.400,77.6669
1996-07-01,157.000,165.700,77.5662
1996-08-01,157.200,166.000,78.0160
1996-09-01,157.700,166.500,78.5532
1996-10-01,158.200,166.800,78.5065
1996-11-01,158.700,167.200,79.1996
1996-12-01,159.100,167.400,79.7143
1997-01-01,159.400,167.800,79.8273
1997-02-01,159.700,168.100,80.7930
1997-03-01,159.800,168.400,81.3340
1997-04-01,159.900,168.900,81.3531
1997-05-01,159.900,169.200,81.8293
1997-06-01,160.200,169.400,82.2285
1997-07-01,160.400,169.700,82.8557
1997-08-01,160.800,169.800,83.7214
1997-09-01,161.200,170.200,84.4651
1997-10-01,161.500,170.600,85.1918
1997-11-01,161.700,170.800,85.9397
1997-12-01,161.800,171.200,86.2047
1998-01-01,162.000,171.600,86.6474
1998-02-01,162.000,171.900,86.7612
1998-03-01,162.000,172.200,86.8198
1998-04-01,162.200,172.500,87.1411
1998-05-01,162.600,172.900,87.6952
1998-06-01,162.800,173.200,87.1450
1998-07-01,163.200,173.500,86.8423
1998-08-01,163.400,174.000,88.6247
1998-09-01,163.500,174.200,88.4515
1998-10-01,163.900,174.400,89.1677
1998-11-01,164.100,174.800,89.1098
1998-12-01,164.400,175.400,89.4407
1999-01-01,164.700,175.600,89.8594
1999-02-01,164.700,175.600,90.3386
1999-03-01,164.800,175.700,90.4819
1999-04-01,165.900,176.300,90.7274
1999-05-01,166.000,176.500,91.3520
1999-06-01,166.000,176.600,91.1994
1999-07-01,166.700,177.100,91.7766
1999-08-01,167.100,177.300,92.1629
1999-09-01,167.800,177.800,91.7740
1999-10-01,168.100,178.100,92.9979
1999-11-01,168.400,178.400,93.4371
1999-12-01,168.800,178.700,94.1593
2000-01-01,169.300,179.300,94.1758
2000-02-01,170.000,179.400,94.4557
2000-03-01,171.000,180.000,94.7980
2000-04-01,170.900,180.300,95.4808
2000-05-01,171.200,180.700,95.6435
2000-06-01,172.200,181.100,95.7353
2000-07-01,172.700,181.500,95.5906
2000-08-01,172.700,181.900,95.3112
2000-09-01,173.600,182.300,95.6790
2000-10-01,173.900,182.600,95.3970
2000-11-01,174.200,183.100,95.4229
2000-12-01,174.600,183.300,95.1573
2001-01-01,175.600,183.900,94.5448
2001-02-01,176.000,184.400,93.9398
2001-03-01,176.100,184.700,93.7201
2001-04-01,176.400,185.100,93.4469
2001-05-01,177.300,185.300,92.8760
2001-06-01,177.700,186.000,92.3208
2001-07-01,177.400,186.400,91.7933
2001-08-01,177.400,186.700,91.6795
2001-09-01,178.100,187.100,91.3289
2001-10-01,177.600,187.400,90.9315
2001-11-01,177.500,188.100,90.4860
2001-12-01,177.400,188.400,90.5073
2002-01-01,177.700,188.700,91.0794
2002-02-01,178.000,189.100,91.0553
2002-03-01,178.500,189.200,91.7980
2002-04-01,179.300,189.700,92.1771
2002-05-01,179.500,190.000,92.5668
2002-06-01,179.600,190.200,93.4476
2002-07-01,180.000,190.500,93.2237
2002-08-01,180.500,191.100,93.2359
2002-09-01,180.800,191.300,93.3654
2002-10-01,181.200,191.500,93.0834
2002-11-01,181.500,191.900,93.5693
2002-12-01,181.800,192.100,93.1103
2003-01-01,182.600,192.400,93.8198
2003-02-01,183.600,192.500,93.9532
2003-03-01,183.900,192.500,93.7358
2003-04-01,183.200,192.500,93.0657
2003-05-01,182.900,192.900,93.0918
2003-06-01,183.100,193.000,93.2476
2003-07-01,183.700,193.400,93.6582
2003-08-01,184.500,193.600,93.5246
2003-09-01,185.100,193.700,94.0751
2003-10-01,184.900,194.000,94.2079
2003-11-01,185.000,194.000,94.9338
2003-12-01,185.500,194.200,94.8662
2004-01-01,186.300,194.600,95.1085
2004-02-01,186.700,194.900,95.6847
2004-03-01,187.100,195.500,95.2088
2004-04-01,187.400,195.900,95.6385
2004-05-01,188.200,196.200,96.3966
2004-06-01,188.900,196.600,95.6019
2004-07-01,189.100,196.800,96.3385
2004-08-01,189.200,196.900,96.4095
2004-09-01,189.800,197.500,96.4907
2004-10-01,190.800,197.900,97.4094
2004-11-01,191.700,198.300,97.6137
2004-12-01,191.700,198.600,98.3318
2005-01-01,191.600,199.000,98.7845
2005-02-01,192.400,199.400,99.4639
2005-03-01,193.100,200.100,99.3061
2005-04-01,193.700,200.200,99.4734
2005-05-01,193.600,200.500,99.6033
2005-06-01,193.700,200.600,99.9853
2005-07-01,194.900,200.900,99.6692
2005-08-01,196.100,201.100,99.9435
2005-09-01,198.800,201.300,98.0779
2005-10-01,199.100,202.000,99.3149
2005-11-01,198.100,202.500,100.3216
2005-12-01,198.100,202.800,100.9437
2006-01-01,199.300,203.200,101.0627
2006-02-01,199.400,203.600,101.0669
2006-03-01,199.700,204.300,101.2751
2006-04-01,200.700,204.800,101.6813
2006-05-01,201.300,205.400,101.5790
2006-06-01,201.800,205.900,101.9693
2006-07-01,202.900,206.300,101.9319
2006-08-01,203.800,206.800,102.3327
2006-09-01,202.800,207.200,102.1252
2006-10-01,201.900,207.600,102.0668
2006-11-01,202.000,207.800,101.9688
2006-12-01,203.100,208.100,103.0292
2007-01-01,203.437,208.600,102.4933
2007-02-01,204.226,209.135,103.5264
2007-03-01,205.288,209.418,103.7521
2007-04-01,205.904,209.747,104.4814
2007-05-01,206.755,210.058,104.5322
2007-06-01,207.234,210.392,104.5617
2007-07-01,207.603,210.773,104.5227
2007-08-01,207.667,211.119,104.7556
2007-09-01,208.547,211.554,105.1611
2007-10-01,209.190,212.077,104.7171
2007-11-01,210.834,212.660,105.3338
2007-12-01,211.445,213.168,105.3457
2008-01-01,212.174,213.771,105.0619
2008-02-01,212.687,213.939,104.7094
2008-03-01,213.448,214.420,104.4616
2008-04-01,213.942,214.560,103.6704
2008-05-01,215.208,214.936,103.0863
2008-06-01,217.463,215.424,102.8445
2008-07-01,219.016,215.965,102.3002
2008-08-01,218.690,216.393,100.7353
2008-09-01,218.877,216.713,96.3666
2008-10-01,216.995,216.788,97.2832
2008-11-01,213.153,216.947,96.0605
2008-12-01,211.398,216.925,93.2521
2009-01-01,211.933,217.346,91.0373
2009-02-01,212.705,217.792,90.4502
2009-03-01,212.495,218.253,89.0160
2009-04-01,212.709,218.706,88.3056
2009-05-01,213.022,218.904,87.4155
2009-06-01,214.790,219.112,87.0742
2009-07-01,214.726,219.263,88.0323
2009-08-01,215.445,219.496,89.0190
2009-09-01,215.861,219.920,89.6926
2009-10-01,216.509,220.501,89.9797
2009-11-01,217.234,220.666,90.3375
2009-12-01,217.347,220.881,90.6132
2010-01-01,217.488,220.633,91.6642
2010-02-01,217.281,220.731,91.9940
2010-03-01,217.353,220.783,92.5993
2010-04-01,217.403,220.822,92.9436
2010-05-01,217.290,220.962,94.2997
2010-06-01,217.199,221.194,94.4397
2010-07-01,217.605,221.363,94.8536
2010-08-01,217.923,221.509,95.1448
2010-09-01,218.275,221.711,95.3637
2010-10-01,219.035,221.830,95.1109
2010-11-01,219.590,222.149,95.1383
2010-12-01,220.472,222.343,96.0599
2011-01-01,221.187,222.803,95.9364
2011-02-01,221.898,223.213,95.5154
2011-03-01,223.046,223.454,96.4643
2011-04-01,224.093,223.727,96.1187
2011-05-01,224.806,224.175,96.3377
2011-06-01,224.806,224.697,96.6154
2011-07-01,225.395,225.218,97.1292
2011-08-01,226.106,225.862,97.6731
2011-09-01,226.597,226.118,97.6494
2011-10-01,226.750,226.506,98.3222
2011-11-01,227.169,226.899,98.2433
2011-12-01,227.223,227.405,98.7876
2012-01-01,227.842,227.877,99.3925
2012-02-01,228.329,228.034,99.6203
2012-03-01,228.807,228.478,99.1551
2012-04-01,229.187,228.905,99.9006
2012-05-01,228.713,229.224,100.0924
2012-06-01,228.524,229.623,100.0728
2012-07-01,228.590,229.970,100.3354
2012-08-01,229.918,230.233,99.8560
2012-09-01,231.015,230.659,99.9049
2012-10-01,231.638,231.024,100.1167
2012-11-01,231.249,231.330,100.5991
2012-12-01,231.221,231.725,100.9542
2013-01-01,231.679,232.229,100.8204
2013-02-01,232.937,232.569,101.3995
2013-03-01,232.282,232.794,101.8114
2013-04-01,231.797,232.832,101.6364
2013-05-01,231.893,232.996,101.7476
2013-06-01,232.445,233.350,101.9549
2013-07-01,232.900,233.880,101.5204
2013-08-01,233.456,234.336,102.1907
2013-09-01,233.544,234.700,102.7170
2013-10-01,233.669,234.921,102.5371
2013-11-01,234.100,235.359,102.8379
2013-12-01,234.719,235.759,103.1504
2014-01-01,235.288,235.961,102.7216
2014-02-01,235.547,236.185,103.5917
2014-03-01,236.028,236.625,104.5889
2014-04-01,236.468,237.072,104.6371
2014-05-01,236.918,237.529,105.0152
2014-06-01,237.231,237.837,105.4081
2014-07-01,237.498,238.195,105.6157
2014-08-01,237.460,238.405,105.4986
2014-09-01,237.477,238.786,105.8138
2014-10-01,237.430,239.191,105.8357
2014-11-01,236.983,239.458,106.6634
2014-12-01,236.252,239.584,106.5085
2015-01-01,234.747,239.811,105.9806
2015-02-01,235.342,240.172,105.4425
2015-03-01,235.976,240.755,105.1464
2015-04-01,236.222,241.346,104.5272
2015-05-01,237.001,241.688,104.0742
2015-06-01,237.657,242.064,103.7174
2015-07-01,238.034,242.565,104.3243
2015-08-01,238.033,242.817,104.1621
2015-09-01,237.498,243.316,103.7768
2015-10-01,237.733,243.768,103.3976
2015-11-01,238.017,244.241,102.6866
2015-12-01,237.761,244.547,102.1014
2016-01-01,237.827,245.075,102.9525
2016-02-01,237.514,245.644,102.2225
2016-03-01,237.990,245.964,101.4155
2016-04-01,238.835,246.467,101.5167
2016-05-01,239.440,247.036,101.4298
2016-06-01,240.144,247.435,101.8747
2016-07-01,240.111,247.791,102.1325
2016-08-01,240.595,248.371,102.0407
2016-09-01,241.068,248.709,102.0477
2016-10-01,241.641,249.068,102.2485
2016-11-01,241.993,249.502,102.0507
2016-12-01,242.712,249.959,102.9281
2017-01-01,243.717,250.519,103.0366
2017-02-01,244.028,250.987,102.6479
2017-03-01,243.721,250.894,103.3430
2017-04-01,244.058,251.129,104.2721
2017-05-01,243.926,251.372,104.4129
2017-06-01,244.179,251.714,104.5849
2017-07-01,244.328,252.009,104.5427
2017-08-01,245.304,252.562,104.0475
2017-09-01,246.445,252.888,104.0502
2017-10-01,246.570,253.534,105.6287
2017-11-01,247.333,253.855,106.1930
2017-12-01,247.847,254.380,106.5360
2018-01-01,248.816,255.106,106.2655
2018-02-01,249.475,255.570,106.6419
2018-03-01,249.413,256.075,107.2519
2018-04-01,249.957,256.487,108.2223
2018-05-01,250.640,257.057,107.3639
2018-06-01,251.176,257.422,108.1707
2018-07-01,251.482,257.902,108.6520
2018-08-01,251.905,258.065,109.5246
2018-09-01,252.261,258.606,109.6749
2018-10-01,252.777,258.993,109.9165
2018-11-01,252.662,259.488,110.5067
2018-12-01,252.653,259.986,110.5516
2019-01-01,252.550,260.566,110.1185
2019-02-01,253.181,260.898,109.5631
2019-03-01,254.095,261.317,109.6811
2019-04-01,254.943,261.835,108.9888
2019-05-01,255.167,262.199,109.2264
2019-06-01,255.402,262.925,109.2774
2019-07-01,256.087,263.587,109.0852
2019-08-01,256.294,264.180,109.8543
2019-09-01,256.593,264.682,109.4725
2019-10-01,257.229,264.987,109.0270
2019-11-01,257.824,265.501,110.0388
2019-12-01,258.444,265.832,109.6527
2020-01-01,258.820,266.476,109.1845
2020-02-01,259.050,267.070,109.2966
2020-03-01,257.953,266.795,104.5221
2020-04-01,255.902,265.601,91.2658
2020-05-01,255.768,265.441,92.0613
2020-06-01,257.214,266.065,97.8019
2020-07-01,258.723,267.715,101.8924
2020-08-01,259.681,268.747,102.6619
2020-09-01,260.209,269.264,102.6008
2020-10-01,260.325,269.296,103.5731
2020-11-01,260.817,269.887,103.9818
